id,first_name,last_name,email,gender,age,ip_address
1,Redd,Deem,rdeem0@mapquest.com,Polygender,29,88.122.61.35
2,Casi,MacNeish,cmacneish1@prweb.com,Female,87,174.181.112.70
3,Modesta,Griffin,mgriffin2@sciencedaily.com,Bigender,100,117.6.72.95
4,Myrta,Bennike,mbennike3@jiathis.com,Genderfluid,74,122.246.88.237
5,Dix,Tomkowicz,dtomkowicz4@economist.com,Female,17,127.27.143.92
6,Kelley,Kewley,kkewley5@youtu.be,Male,18,184.128.205.60
7,Piggy,Hunnawill,phunnawill6@earthlink.net,Male,51,146.236.85.245
8,Elyse,Minshall,eminshall7@usda.gov,Female,35,107.212.45.156
9,Tomi,Colaton,tcolaton8@sciencedaily.com,Female,63,220.99.21.126
10,Grover,Trevillion,gtrevillion9@sogou.com,Male,68,86.133.219.106
11,Farrand,Cordelle,fcordellea@issuu.com,Female,61,60.191.193.126
12,Willamina,Nannini,wnanninib@google.ca,Female,91,134.166.77.183
13,Berty,Lohoar,blohoarc@aboutads.info,Male,97,161.205.102.250
14,Aldrich,Habin,ahabind@gmpg.org,Polygender,13,84.51.233.187
15,Evelyn,Trevillion,etrevillione@gizmodo.com,Female,41,97.14.63.204
16,Clifford,Thieme,cthiemef@delicious.com,Male,46,105.184.234.3
17,Iolande,Thebe,ithebeg@prweb.com,Female,80,39.27.203.0
18,Luelle,Marzelo,lmarzeloh@irs.gov,Female,70,120.147.136.18
19,Monty,Isenor,misenori@illinois.edu,Genderfluid,2,157.2.212.187
20,Giorgi,Mattityahou,gmattityahouj@wikispaces.com,Male,85,238.131.52.11
21,Leticia,Gittens,lgittensk@businesswire.com,Female,89,54.39.51.12
22,Agna,Liver,aliverl@51.la,Female,86,40.248.183.200
23,Lothario,Attridge,lattridgem@unc.edu,Male,49,45.230.85.169
24,Jolie,Kabos,jkabosn@newyorker.com,Female,11,242.76.223.222
25,Xylina,Fraczek,xfraczeko@is.gd,Female,13,0.250.175.240
26,Linzy,Duding,ldudingp@seattletimes.com,Female,15,233.21.51.231
27,Fernando,Hebbron,fhebbronq@economist.com,Male,46,178.4.40.42
28,Thain,Ernshaw,ternshawr@uol.com.br,Male,72,254.186.231.103
29,Graig,Willmott,gwillmotts@wikipedia.org,Male,64,163.124.112.7
30,Merlina,Millward,mmillwardt@illinois.edu,Female,50,14.188.89.52
31,Jasper,McFaul,jmcfaulu@eventbrite.com,Male,77,107.69.88.160
32,Sula,Fairfoot,sfairfootv@wunderground.com,Female,36,207.248.24.53
33,Martino,Semark,msemarkw@chronoengine.com,Male,59,117.105.43.33
34,Janeczka,Fairpool,jfairpoolx@cbslocal.com,Agender,4,218.17.78.251
35,Chantal,Hawkswood,chawkswoody@sakura.ne.jp,Female,92,43.142.112.192
36,Amaleta,O' Connell,aoconnellz@washingtonpost.com,Female,47,243.201.114.80
37,Roseann,Jordison,rjordison10@sitemeter.com,Female,53,206.253.166.77
38,Koressa,Busse,kbusse11@census.gov,Female,23,7.50.120.43
39,Guglielma,Lefwich,glefwich12@webeden.co.uk,Female,20,85.72.205.188
40,Chery,Quiddihy,cquiddihy13@businessweek.com,Female,86,236.208.62.101
41,Conant,Murricanes,cmurricanes14@ask.com,Male,58,236.162.112.243
42,Cole,Cornelis,ccornelis15@myspace.com,Agender,83,254.254.203.17
43,Verine,Pascow,vpascow16@myspace.com,Female,17,93.118.65.250
44,Felicio,Vooght,fvooght17@indiatimes.com,Male,54,31.35.83.89
45,Bar,Plastow,bplastow18@nydailynews.com,Male,51,38.131.5.245
46,Vernon,Andreix,vandreix19@sun.com,Male,96,19.199.176.251
47,Barret,Phelan,bphelan1a@meetup.com,Male,53,195.242.181.143
48,Sigismundo,Dudin,sdudin1b@blinklist.com,Male,57,56.24.179.140
49,Darn,Partrick,dpartrick1c@geocities.jp,Male,1,249.223.252.26
50,Gunar,Lynam,glynam1d@pinterest.com,Male,9,109.218.211.13
51,Marsh,Tearle,mtearle1e@wikimedia.org,Male,50,48.227.38.173
52,Sara,Gilloran,sgilloran1f@sciencedirect.com,Genderfluid,79,145.150.140.198
53,Winfred,Oger,woger1g@csmonitor.com,Male,28,75.46.120.224
54,Filippa,Karran,fkarran1h@boston.com,Female,95,225.236.212.25
55,Arnoldo,Grimwad,agrimwad1i@people.com.cn,Male,68,30.150.220.226
56,Claudette,Snoden,csnoden1j@dailymail.co.uk,Female,75,58.177.241.233
57,Shaina,Gorghetto,sgorghetto1k@goodreads.com,Female,19,150.132.141.174
58,Vanessa,Chinnick,vchinnick1l@fc2.com,Female,61,31.46.221.69
59,Tabatha,Culpen,tculpen1m@globo.com,Female,16,185.239.155.101
60,Gale,McDyer,gmcdyer1n@godaddy.com,Female,100,240.112.54.148
61,Zebulen,Jovic,zjovic1o@diigo.com,Male,94,20.0.116.238
62,Derick,Durno,ddurno1p@google.es,Male,12,226.242.184.208
63,Austin,Poxon,apoxon1q@moonfruit.com,Male,83,135.151.29.41
64,Artie,Ditchett,aditchett1r@last.fm,Male,75,236.48.45.136
65,Marga,Robecon,mrobecon1s@dropbox.com,Female,11,70.191.251.2
66,Moshe,Topling,mtopling1t@posterous.com,Male,84,25.252.40.214
67,Manolo,Titcumb,mtitcumb1u@mapquest.com,Male,93,187.120.216.160
68,Clare,MacMearty,cmacmearty1v@yale.edu,Male,52,21.162.9.101
69,Ermin,Raggatt,eraggatt1w@cisco.com,Male,84,83.236.213.145
70,Mike,Agett,magett1x@godaddy.com,Male,59,8.250.249.57
71,Amberly,Francis,afrancis1y@webmd.com,Female,21,44.219.33.89
72,Pippo,Lapthorne,plapthorne1z@ovh.net,Male,14,255.232.176.248
73,Wallie,Petriello,wpetriello20@scientificamerican.com,Male,76,67.205.185.9
74,Sunny,Enrigo,senrigo21@csmonitor.com,Female,55,194.46.180.254
75,Ned,Cuberley,ncuberley22@geocities.com,Male,49,167.23.211.173
76,Ninetta,Node,nnode23@nsw.gov.au,Female,11,240.55.218.132
77,Fergus,Selland,fselland24@addthis.com,Male,21,52.205.41.126
78,Michele,Dreini,mdreini25@google.nl,Male,58,193.203.224.187
79,Brinn,Hearty,bhearty26@marketwatch.com,Female,24,38.227.64.248
80,Drucill,Vassie,dvassie27@squarespace.com,Female,74,115.138.21.31
81,Rockey,Lavigne,rlavigne28@123-reg.co.uk,Male,51,105.207.181.134
82,Dulcea,Tennison,dtennison29@salon.com,Female,76,76.101.198.208
83,Vitia,Ummfrey,vummfrey2a@google.co.jp,Bigender,61,114.50.203.148
84,Harrietta,Courcey,hcourcey2b@networkadvertising.org,Female,19,61.177.49.193
85,Stavros,Flaunders,sflaunders2c@spotify.com,Male,37,119.62.57.174
86,Donovan,Wiggins,dwiggins2d@ihg.com,Male,57,15.85.213.136
87,Doris,Glencross,dglencross2e@usnews.com,Female,35,11.193.183.50
88,Alvan,Tidcomb,atidcomb2f@ning.com,Male,41,196.3.19.68
89,Alic,Please,aplease2g@china.com.cn,Male,53,255.173.123.63
90,Hatty,Zuanazzi,hzuanazzi2h@skype.com,Female,32,142.21.103.64
91,Mabel,Rathmell,mrathmell2i@si.edu,Female,76,194.68.106.8
92,Ag,McCarter,amccarter2j@miibeian.gov.cn,Female,61,91.192.5.210
93,Gamaliel,Robelow,grobelow2k@angelfire.com,Male,30,224.217.239.220
94,Augustus,Hymer,ahymer2l@state.gov,Male,27,188.182.155.205
95,Mill,Hedditeh,mhedditeh2m@cafepress.com,Male,45,137.1.242.44
96,Charisse,Charnock,ccharnock2n@accuweather.com,Female,6,78.88.85.96
97,Vally,Penwarden,vpenwarden2o@smugmug.com,Female,91,77.173.223.199
98,Briggs,Biggadyke,bbiggadyke2p@chron.com,Male,47,173.192.105.167
99,Joel,Von Welden,jvonwelden2q@arstechnica.com,Male,34,89.251.118.73
100,Lotta,Lamberto,llamberto2r@nifty.com,Female,80,2.239.32.86
101,Gayle,Gilbeart,ggilbeart2s@mozilla.org,Male,85,106.14.115.246
102,Arliene,Capelen,acapelen2t@examiner.com,Female,47,103.128.2.49
103,Radcliffe,Durrant,rdurrant2u@1688.com,Male,31,185.109.30.191
104,Tymon,Wolfendale,twolfendale2v@nih.gov,Male,1,103.251.179.255
105,Tyrus,MacNamara,tmacnamara2w@wikispaces.com,Male,63,214.164.147.24
106,Debi,Ramme,dramme2x@prlog.org,Female,55,128.202.3.100
107,Dwight,McCluney,dmccluney2y@comsenz.com,Male,43,66.135.163.43
108,Finley,O'Duane,foduane2z@360.cn,Male,82,248.138.220.121
109,Lavinia,Delmage,ldelmage30@howstuffworks.com,Female,41,192.156.35.64
110,Edgard,Kimmins,ekimmins31@tinyurl.com,Male,3,192.201.213.254
111,Sterling,Baitey,sbaitey32@networksolutions.com,Male,83,2.120.121.9
112,Bastien,Derle,bderle33@foxnews.com,Male,50,0.207.85.245
113,Alessandro,Dibling,adibling34@google.pl,Male,5,90.49.141.139
114,Elsa,Papaccio,epapaccio35@elegantthemes.com,Female,1,35.119.70.128
115,Timmie,Roxburgh,troxburgh36@mlb.com,Female,2,17.251.196.237
116,Eduardo,Fomichkin,efomichkin37@moonfruit.com,Male,38,224.196.9.42
117,Brice,Brewitt,bbrewitt38@census.gov,Male,9,22.150.157.176
118,Rick,Dewhurst,rdewhurst39@ted.com,Male,21,68.32.206.89
119,Lucila,Layborn,llayborn3a@usda.gov,Female,87,181.170.72.21
120,Bernhard,Kyrkeman,bkyrkeman3b@google.com.hk,Male,9,28.126.114.248
121,Gus,Sands-Allan,gsandsallan3c@de.vu,Female,34,51.153.214.126
122,Clayborn,McEwan,cmcewan3d@nih.gov,Male,88,102.16.46.88
123,Katerina,Shyram,kshyram3e@example.com,Genderqueer,81,249.248.127.41
124,Haskell,Bostock,hbostock3f@biblegateway.com,Male,34,218.246.183.84
125,Lydia,Bollard,lbollard3g@histats.com,Female,73,39.123.11.220
126,Amos,Hatton,ahatton3h@patch.com,Male,19,104.23.212.77
127,Jacintha,Pieracci,jpieracci3i@dropbox.com,Female,19,129.71.188.226
128,Coraline,Hyam,chyam3j@devhub.com,Female,14,68.105.231.75
129,Crissy,Fiske,cfiske3k@bing.com,Female,40,12.101.206.187
130,Jayme,Matijevic,jmatijevic3l@dell.com,Male,38,246.73.187.61
131,Almeta,Marconi,amarconi3m@eepurl.com,Female,1,117.36.182.110
132,Bertie,Cosgry,bcosgry3n@msn.com,Male,92,106.75.150.7
133,Brana,Santora,bsantora3o@xing.com,Female,89,153.81.29.111
134,Brigitte,Bachelar,bbachelar3p@sciencedaily.com,Female,3,162.234.154.155
135,Horten,Gentzsch,hgentzsch3q@newsvine.com,Male,87,56.172.5.92
136,Hannah,Poser,hposer3r@tmall.com,Female,64,222.129.126.96
137,Marje,Godon,mgodon3s@amazon.co.uk,Female,92,249.162.172.48
138,Gardie,Vido,gvido3t@wikimedia.org,Male,8,8.27.3.75
139,Pearline,Gallaway,pgallaway3u@epa.gov,Female,46,118.122.85.185
140,Jewelle,Garie,jgarie3v@cnn.com,Female,92,135.143.67.30
141,Lon,Roddie,lroddie3w@hugedomains.com,Male,29,91.54.173.216
142,Mureil,MacLaig,mmaclaig3x@mlb.com,Female,80,117.83.52.191
143,Lydie,Ielden,lielden3y@geocities.jp,Female,37,169.139.222.201
144,Berke,Davenall,bdavenall3z@cdbaby.com,Male,55,129.6.249.183
145,Cob,Dodsworth,cdodsworth40@sitemeter.com,Male,12,207.66.49.104
146,Inez,Planks,iplanks41@people.com.cn,Female,79,190.21.166.70
147,Irene,Bullene,ibullene42@mac.com,Female,97,31.164.196.227
148,Suzi,Valentino,svalentino43@squarespace.com,Female,39,145.58.59.68
149,Ellary,Balme,ebalme44@skype.com,Male,10,48.113.150.46
150,Lauri,Gerran,lgerran45@sakura.ne.jp,Female,78,191.160.237.93
151,Piper,Cuppleditch,pcuppleditch46@hhs.gov,Non-binary,38,81.108.126.161
152,Derril,Baus,dbaus47@craigslist.org,Male,26,111.152.66.100
153,Camila,Knoble,cknoble48@vinaora.com,Female,74,203.254.147.140
154,Gav,Geary,ggeary49@lulu.com,Male,14,73.82.227.2
155,Paton,Taffe,ptaffe4a@ezinearticles.com,Male,60,243.50.159.46
156,Nessa,Antwis,nantwis4b@jiathis.com,Female,11,113.188.72.113
157,Jamaal,Tidmas,jtidmas4c@eventbrite.com,Male,61,138.159.208.167
158,Angy,Jain,ajain4d@quantcast.com,Female,45,212.128.85.25
159,Gussi,Ruf,gruf4e@vinaora.com,Female,20,64.130.137.130
160,Deane,Hobden,dhobden4f@ameblo.jp,Female,35,162.195.107.8
161,Paten,Medforth,pmedforth4g@hc360.com,Male,68,183.77.11.211
162,Melanie,Stears,mstears4h@nhs.uk,Female,42,124.227.236.105
163,Shannen,Warcop,swarcop4i@nyu.edu,Female,3,140.58.205.58
164,Shayna,Cappel,scappel4j@dell.com,Female,12,145.9.64.64
165,Austin,Hawkes,ahawkes4k@apache.org,Male,38,206.169.48.200
166,Vivi,Crystal,vcrystal4l@drupal.org,Female,93,144.171.126.160
167,Gage,Pairpoint,gpairpoint4m@prnewswire.com,Male,24,161.45.225.95
168,Eydie,Piercy,epiercy4n@youku.com,Non-binary,33,203.68.233.18
169,Sasha,Byway,sbyway4o@people.com.cn,Male,100,15.44.145.201
170,Theadora,Boughtwood,tboughtwood4p@linkedin.com,Bigender,63,24.206.164.143
171,Pip,McKoy,pmckoy4q@bigcartel.com,Male,55,0.44.8.5
172,Krispin,Lynskey,klynskey4r@jugem.jp,Male,79,216.36.188.249
173,Hilario,Cowan,hcowan4s@guardian.co.uk,Male,94,131.77.74.95
174,Kesley,Chilvers,kchilvers4t@twitpic.com,Female,55,28.34.174.134
175,Benedict,Gunthorp,bgunthorp4u@umich.edu,Male,33,51.196.28.170
176,Helli,Eastup,heastup4v@free.fr,Female,69,67.69.217.9
177,Gabrielle,Oakley,goakley4w@zdnet.com,Female,49,213.255.133.135
178,Pierrette,Wingham,pwingham4x@tinypic.com,Female,84,16.19.50.199
179,Lyn,Klicher,lklicher4y@sourceforge.net,Male,10,49.246.188.79
180,Regen,Figgures,rfiggures4z@networksolutions.com,Male,58,111.144.205.2
181,Parke,Ropars,propars50@smugmug.com,Male,13,172.41.48.140
182,Kendell,Sowood,ksowood51@sogou.com,Agender,23,249.149.238.17
183,Tim,Brayshaw,tbrayshaw52@walmart.com,Female,63,226.7.203.10
184,Thornton,Fraschetti,tfraschetti53@e-recht24.de,Male,57,40.141.231.245
185,Wilton,Todhunter,wtodhunter54@dell.com,Male,26,146.185.56.242
186,Felicia,Fair,ffair55@cbc.ca,Female,90,148.93.109.136
187,Siouxie,Voules,svoules56@icio.us,Female,85,152.118.210.204
188,Gregorius,Danielis,gdanielis57@globo.com,Male,20,93.210.56.46
189,Bambi,Tewkesbury,btewkesbury58@fotki.com,Female,98,130.154.162.133
190,Ari,Strut,astrut59@dion.ne.jp,Male,5,22.96.209.114
191,Shem,Deam,sdeam5a@blogger.com,Male,52,130.122.79.47
192,Ursula,Cubbino,ucubbino5b@auda.org.au,Female,80,136.8.255.230
193,Dolly,Gyer,dgyer5c@who.int,Female,9,109.235.37.5
194,Fern,Shyram,fshyram5d@ucoz.com,Female,2,109.79.23.12
195,Brandy,Ucchino,bucchino5e@miibeian.gov.cn,Male,61,97.113.219.5
196,Nady,Marquis,nmarquis5f@stanford.edu,Female,92,4.23.246.63
197,Lauren,Kitteringham,lkitteringham5g@soup.io,Female,3,97.111.250.54
198,Obidiah,Hogben,ohogben5h@ftc.gov,Male,37,240.19.40.46
199,Delinda,Todd,dtodd5i@furl.net,Genderqueer,62,19.1.209.206
200,Deane,Leahy,dleahy5j@jugem.jp,Female,31,125.17.59.155
